<addon id="repository.prehravamto"
       name="PrehravamTo Repository"
       version="1.0.0"
       provider-name="Filip">
  <extension point="xbmc.addon.repository"
             name="PrehravamTo Repo"
             info="https://github.com/FilipHash/repository.prehravamto/addons.xml"
             checksum="https://github.com/FilipHash/repository.prehravamto/addons.xml.md5"
             datadir="https://github.com/FilipHash/repository.prehravamto/"
             />
  <extension point="xbmc.addon.metadata">
    <summary>Repozitář pro addon PřehrávámTo</summary>
    <description>Repozitář pro automatické aktualizace addonu PřehrávámTo</description>
    <platform>all</platform>
  </extension>
</addon>
